key,version,ticker,name,description,start-moment,end-moment,more-info,draft-mode,key:spokesperson

# base
campaign-00,1,"TICKER-01","Lorem ipsum dolor sit amet, consectetu","Lorem ipsum dolor sit amet, consectetur adipiscing elit. Sed do: eiusmod tempor incididunt ut labore et dolore magna aliqua! Ut*","2025/01/01 00:00","2025/01/02 00:00","http://lorem.com/ipsum",true,spokesperson-01

# ticker variants
campaign-01,1,"AB-1","Lorem ipsum dolor sit amet, consectetu","Lorem ipsum dolor sit amet, consectetur adipiscing elit. Sed do: eiusmod tempor incididunt ut labore et dolore magna aliqua! Ut*","2025/01/01 00:00","2025/01/02 00:00","http://lorem.com/ipsum",true,spokesperson-01
campaign-02,1,"THIS_TICKER_IS_TOO_LONG","Lorem ipsum dolor sit amet, consectetu","Lorem ipsum dolor sit amet, consectetur adipiscing elit. Sed do: eiusmod tempor incididunt ut labore et dolore magna aliqua! Ut*","2025/01/01 00:00","2025/01/02 00:00","http://lorem.com/ipsum",true,spokesperson-01
campaign-03,1,"ABC 123","Lorem ipsum dolor sit amet, consectetu","Lorem ipsum dolor sit amet, consectetur adipiscing elit. Sed do: eiusmod tempor incididunt ut labore et dolore magna aliqua! Ut*","2025/01/01 00:00","2025/01/02 00:00","http://lorem.com/ipsum",true,spokesperson-01
campaign-04,1,"ABC$123","Lorem ipsum dolor sit amet, consectetu","Lorem ipsum dolor sit amet, consectetur adipiscing elit. Sed do: eiusmod tempor incididunt ut labore et dolore magna aliqua! Ut*","2025/01/01 00:00","2025/01/02 00:00","http://lorem.com/ipsum",true,spokesperson-01
campaign-05,1,,"Lorem ipsum dolor sit amet, consectetu","Lorem ipsum dolor sit amet, consectetur adipiscing elit. Sed do: eiusmod tempor incididunt ut labore et dolore magna aliqua! Ut*","2025/01/01 00:00","2025/01/02 00:00","http://lorem.com/ipsum",true,spokesperson-01
campaign-06,1,"TICKER-01","Lorem ipsum dolor sit amet, consectetu","Lorem ipsum dolor sit amet, consectetur adipiscing elit. Sed do: eiusmod tempor incididunt ut labore et dolore magna aliqua! Ut*","2025/01/01 00:00","2025/01/02 00:00","http://lorem.com/ipsum",true,spokesperson-01

# name variants
campaign-07,1,"TICKER-02",,"Lorem ipsum dolor sit amet, consectetur adipiscing elit. Sed do: eiusmod tempor incididunt ut labore et dolore magna aliqua! Ut*","2025/01/01 00:00","2025/01/02 00:00","http://lorem.com/ipsum",true,spokesperson-01
campaign-08,1,"TICKER-03","","Lorem ipsum dolor sit amet, consectetur adipiscing elit. Sed do: eiusmod tempor incididunt ut labore et dolore magna aliqua! Ut*","2025/01/01 00:00","2025/01/02 00:00","http://lorem.com/ipsum",true,spokesperson-01
campaign-09,1,"TICKER-04","   ","Lorem ipsum dolor sit amet, consectetur adipiscing elit. Sed do: eiusmod tempor incididunt ut labore et dolore magna aliqua! Ut*","2025/01/01 00:00","2025/01/02 00:00","http://lorem.com/ipsum",true,spokesperson-01
campaign-10,1,"TICKER-05","Lorem ipsum dolor sit amet, consectetur adipiscing elit. Sed do: eiusmod tem","Lorem ipsum dolor sit amet, consectetur adipiscing elit. Sed do: eiusmod tempor incididunt ut labore et dolore magna aliqua! Ut*","2025/01/01 00:00","2025/01/02 00:00","http://lorem.com/ipsum",true,spokesperson-01

# description variants
campaign-11,1,"TICKER-06","Lorem ipsum dolor sit amet, consectetu",,"2025/01/01 00:00","2025/01/02 00:00","http://lorem.com/ipsum",true,spokesperson-01
campaign-12,1,"TICKER-07","Lorem ipsum dolor sit amet, consectetu","","2025/01/01 00:00","2025/01/02 00:00","http://lorem.com/ipsum",true,spokesperson-01
campaign-13,1,"TICKER-08","Lorem ipsum dolor sit amet, consectetu","   ","2025/01/01 00:00","2025/01/02 00:00","http://lorem.com/ipsum",true,spokesperson-01
campaign-14,1,"TICKER-09","Lorem ipsum dolor sit amet, consectetu","Lorem ipsum dolor sit amet, consectetur adipiscing elit. Sed do: eiusmod tempor incididunt ut labore et dolore magna aliqua! Ut enim ad minim veniam? Quis nostrud exercitation ullamco laboris nisi ut aliquip ex ea commodo consequat. Duis aute irure dolor in reprehenderit in voluptate velit esse cillum dolore eu fugiat nulla pariatur.","2025/01/01 00:00","2025/01/02 00:00","http://lorem.com/ipsum",true,spokesperson-01

# moment variants (start + end)
campaign-16,1,"TICKER-11","Lorem ipsum dolor sit amet, consectetu","Lorem ipsum dolor sit amet, consectetur adipiscing elit. Sed do: eiusmod tempor incididunt ut labore et dolore magna aliqua! Ut*","2025/01/01 00:00","2024/12/31 23:59","http://lorem.com/ipsum",false,spokesperson-01
campaign-17,1,"TICKER-12","Lorem ipsum dolor sit amet, consectetu","Lorem ipsum dolor sit amet, consectetur adipiscing elit. Sed do: eiusmod tempor incididunt ut labore et dolore magna aliqua! Ut*",,"2025/01/02 00:00","http://lorem.com/ipsum",false,spokesperson-01
campaign-18,1,"TICKER-13","Lorem ipsum dolor sit amet, consectetu","Lorem ipsum dolor sit amet, consectetur adipiscing elit. Sed do: eiusmod tempor incididunt ut labore et dolore magna aliqua! Ut*","2025/01/01 00:00",,"http://lorem.com/ipsum",false,spokesperson-01
campaign-19,1,"TICKER-14","Lorem ipsum dolor sit amet, consectetu","Lorem ipsum dolor sit amet, consectetur adipiscing elit. Sed do: eiusmod tempor incididunt ut labore et dolore magna aliqua! Ut*","2025/01/02 00:00","2025/01/01 00:00","http://lorem.com/ipsum",false,spokesperson-01
campaign-20,1,"TICKER-15","Lorem ipsum dolor sit amet, consectetu","Lorem ipsum dolor sit amet, consectetur adipiscing elit. Sed do: eiusmod tempor incididunt ut labore et dolore magna aliqua! Ut*","2025/01/01 00:00","2025/01/01 00:00","http://lorem.com/ipsum",false,spokesperson-01

# more info variants (optional)
campaign-21,1,"TICKER-16","Lorem ipsum dolor sit amet, consectetu","Lorem ipsum dolor sit amet, consectetur adipiscing elit. Sed do: eiusmod tempor incididunt ut labore et dolore magna aliqua! Ut*","2025/01/01 00:00","2025/01/02 00:00","http://",true,spokesperson-01
campaign-22,1,"TICKER-17","Lorem ipsum dolor sit amet, consectetu","Lorem ipsum dolor sit amet, consectetur adipiscing elit. Sed do: eiusmod tempor incididunt ut labore et dolore magna aliqua! Ut*","2025/01/01 00:00","2025/01/02 00:00","ftp://",true,spokesperson-01
campaign-23,1,"TICKER-18","Lorem ipsum dolor sit amet, consectetu","Lorem ipsum dolor sit amet, consectetur adipiscing elit. Sed do: eiusmod tempor incididunt ut labore et dolore magna aliqua! Ut*","2025/01/01 00:00","2025/01/02 00:00","http://a",true,spokesperson-01
campaign-24,1,"TICKER-19","Lorem ipsum dolor sit amet, consectetu","Lorem ipsum dolor sit amet, consectetur adipiscing elit. Sed do: eiusmod tempor incididunt ut labore et dolore magna aliqua! Ut*","2025/01/01 00:00","2025/01/02 00:00","ftp://a",true,spokesperson-01
campaign-25,1,"TICKER-20","Lorem ipsum dolor sit amet, consectetu","Lorem ipsum dolor sit amet, consectetur adipiscing elit. Sed do: eiusmod tempor incididunt ut labore et dolore magna aliqua! Ut*","2025/01/01 00:00","2025/01/02 00:00","http://www.lorem-ipsum.org/dolor/sit/amet/consectetur/adipiscing/elit/sed/do/eiusmod/tempor/incididunt/ut/labore/et/dolore/magna/aliqua/Ut/enim/ad/minim/veniam/quis/nostrud/exercitation/ullamco/laboris/nisi/ut/aliquip/ex/ea/commodo/consequat/duis/aute/x",true,spokesperson-01

# draft mode variants
campaign-26,1,"TICKER-21","Lorem ipsum dolor sit amet, consectetu","Lorem ipsum dolor sit amet, consectetur adipiscing elit. Sed do: eiusmod tempor incididunt ut labore et dolore magna aliqua! Ut*","2025/01/01 00:00","2025/01/02 00:00","http://lorem.com/ipsum",,spokesperson-01

# spokesperson variants
campaign-28,1,"TICKER-24","Lorem ipsum dolor sit amet, consectetu","Lorem ipsum dolor sit amet, consectetur adipiscing elit. Sed do: eiusmod tempor incididunt ut labore et dolore magna aliqua! Ut*","2025/01/01 00:00","2025/01/02 00:00","http://lorem.com/ipsum",true,

# base with draft mode = false
campaign-29,1,"TICKER-01","Lorem ipsum dolor sit amet, consectetu","Lorem ipsum dolor sit amet, consectetur adipiscing elit. Sed do: eiusmod tempor incididunt ut labore et dolore magna aliqua! Ut*","2025/01/01 00:00","2025/01/02 00:00","http://lorem.com/ipsum",false,spokesperson-01