key,version,key:project,key:projectMember
project-membership-01,1,project-00,project-member-01
project-membership-02,1,project-00,project-member-03
project-membership-03,1,project-00,project-member-05
project-membership-04,1,project-00,project-member-07
project-membership-05,1,project-20,project-member-02
project-membership-06,1,project-20,project-member-04
project-membership-07,1,project-20,project-member-06
project-membership-08,1,project-20,project-member-08
project-membership-09,1,project-00,project-member-02
project-membership-10,1,project-00,project-member-04
project-membership-11,1,project-20,project-member-01
project-membership-12,1,project-20,project-member-03
project-membership-13,1,project-20,project-member-05
project-membership-14,1,project-20,project-member-07