"key","version","picture","slogan","target"
advertisement-01,0,https://i.imgur.com/a6fu8EE.png,Una solución contra el hambre,https://www.marysmeals.es/
advertisement-02,0,https://i.imgur.com/qjHcJxn.png,Una solución sencilla salva vidas,https://www.unicef.es/
advertisement-03,0,https://i.imgur.com/ADBXPg0.png,Ayuda en acción,https://ayudaenaccion.org/
advertisement-04,0,https://i.imgur.com/9TKdm7h.png,Amistad con el pueblo Saharaui,https://saharasevilla.org/
advertisement-05,0,https://i.imgur.com/uFkweVn.png,Red de mujeres supervivientes,https://www.fundacionanabella.org/
advertisement-06,0,https://i.imgur.com/8n7KfX1.png,El reto de proteger a la infancia,https://www.asociacion-aliento.es/
advertisement-07,0,https://i.imgur.com/qu5SrLN.png,Ser diferentes nos hace únicos,https://www.adefisal.org/
advertisement-08,0,https://i.imgur.com/sgx1bFo.png,Pulseras contra el cáncer,https://www.pulserasrosas.com/
advertisement-09,0,https://i.imgur.com/CqtMSmM.png,Un futuro para ellos,https://fundacionmornese.com/
